-- ============================================================
-- 在线图书阅读网站 - 初始化数据
-- 密码说明：admin/admin123, user/user123, reader01/user123
-- 密码均使用 BCrypt 加密存储
-- ============================================================

USE `reading_website`;

-- -----------------------------------------------------------
-- 用户数据
-- BCrypt: admin123 -> $2b$10$KXw.SIXaK7wiGB5r0dkgHOUVaCp3ONMZyHU.dZBhUSVKmTQivuF.m
-- BCrypt: user123  -> $2b$10$GuW.VndqS4pKtJFGf1g5J.W72HKCYGoaJtE2WTgDlchefDVoRN34u
-- -----------------------------------------------------------
INSERT INTO `sys_user` (`id`, `username`, `password`, `nickname`, `avatar_url`, `email`, `phone`, `role`, `status`, `last_login_time`, `created_at`) VALUES
(1, 'admin',    '$2b$10$KXw.SIXaK7wiGB5r0dkgHOUVaCp3ONMZyHU.dZBhUSVKmTQivuF.m', '系统管理员', NULL, 'admin@reading.com',   '13800000001', 'ADMIN', 1, NOW(), DATE_SUB(NOW(), INTERVAL 30 DAY)),
(2, 'user',     '$2b$10$GuW.VndqS4pKtJFGf1g5J.W72HKCYGoaJtE2WTgDlchefDVoRN34u', '书虫小明',   NULL, 'user@reading.com',    '13800000002', 'USER',  1, NOW(), DATE_SUB(NOW(), INTERVAL 20 DAY)),
(3, 'reader01', '$2b$10$GuW.VndqS4pKtJFGf1g5J.W72HKCYGoaJtE2WTgDlchefDVoRN34u', '阅读达人',   NULL, 'reader01@reading.com','13800000003', 'USER',  1, NOW(), DATE_SUB(NOW(), INTERVAL 10 DAY));

-- -----------------------------------------------------------
-- 分类数据（5个分类，含二级分类）
-- -----------------------------------------------------------
INSERT INTO `category` (`id`, `parent_id`, `category_name`, `category_code`, `description`, `sort_order`, `status`) VALUES
(1, 0, '玄幻奇幻', 'xuanhuan',   '玄幻、奇幻类小说', 1, 1),
(2, 0, '都市言情', 'dushi',      '都市、言情类小说', 2, 1),
(3, 0, '科幻灵异', 'kehuan',     '科幻、灵异类小说', 3, 1),
(4, 1, '武侠仙侠', 'wuxia',      '武侠、仙侠类小说', 4, 1),
(5, 0, '历史军事', 'lishi',      '历史、军事类小说', 5, 1);

-- -----------------------------------------------------------
-- 图书数据（10本示例图书）
-- -----------------------------------------------------------
INSERT INTO `book` (`id`, `title`, `author`, `cover_url`, `summary`, `isbn`, `publisher`, `total_chapters`, `total_words`, `serialize_status`, `publish_status`, `is_recommended`, `view_count`, `favorite_count`, `comment_count`, `average_score`, `created_at`, `updated_at`) VALUES
(1,  '斗破苍穹',     '天蚕土豆',   '/uploads/covers/book1.jpg',  '少年萧炎在家族没落中崛起，以异火焚天，最终成就斗帝传奇。',           '9787501234561', '起点中文网', 3, 4500, 1, 1, 1, 158000, 3200, 3, 4.67, DATE_SUB(NOW(), INTERVAL 60 DAY), NOW()),
(2,  '全职高手',     '蝴蝶蓝',     '/uploads/covers/book2.jpg',  '电竞大神叶修被俱乐部驱逐，以网管身份重返巅峰的励志故事。',           '9787501234562', '起点中文网', 3, 4200, 1, 1, 1, 142000, 2800, 2, 4.50, DATE_SUB(NOW(), INTERVAL 55 DAY), NOW()),
(3,  '三体',         '刘慈欣',     '/uploads/covers/book3.jpg',  '地球文明与三体文明的首次接触，开启波澜壮阔的宇宙史诗。',             '9787501234563', '重庆出版社', 3, 4800, 1, 1, 1, 210000, 4500, 2, 4.80, DATE_SUB(NOW(), INTERVAL 50 DAY), NOW()),
(4,  '庆余年',       '猫腻',       '/uploads/covers/book4.jpg',  '范闲穿越到架空王朝，在庙堂与江湖之间书写传奇人生。',                 '9787501234564', '起点中文网', 3, 4350, 1, 1, 0, 98000,  1500, 1, 4.00, DATE_SUB(NOW(), INTERVAL 45 DAY), NOW()),
(5,  '诛仙',         '萧鼎',       '/uploads/covers/book5.jpg',  '张小凡入青云门修仙，在正邪之间经历爱恨情仇的仙侠经典。',             '9787501234565', '起点中文网', 3, 4650, 1, 1, 1, 175000, 3100, 2, 4.60, DATE_SUB(NOW(), INTERVAL 40 DAY), NOW()),
(6,  '凡人修仙传',   '忘语',       '/uploads/covers/book6.jpg',  '韩立从山村少年起步，在修仙界步步为营，最终飞升成仙。',               '9787501234566', '起点中文网', 3, 5100, 0, 1, 0, 88000,  1200, 1, 4.00, DATE_SUB(NOW(), INTERVAL 35 DAY), NOW()),
(7,  '雪中悍刀行',   '烽火戏诸侯', '/uploads/covers/book7.jpg',  '北凉世子徐凤年行走江湖，刀光剑影间尽显庙堂江湖之风云。',             '9787501234567', '起点中文网', 3, 4950, 1, 1, 1, 165000, 2900, 2, 4.70, DATE_SUB(NOW(), INTERVAL 30 DAY), NOW()),
(8,  '琅琊榜',       '海宴',       '/uploads/covers/book8.jpg',  '梅长苏以病弱之躯智计百出，昭雪冤案、扶持明君的权谋巨作。',           '9787501234568', '四川文艺出版社', 3, 4200, 1, 1, 0, 76000,  980,  1, 5.00, DATE_SUB(NOW(), INTERVAL 25 DAY), NOW()),
(9,  '鬼吹灯',       '天下霸唱',   '/uploads/covers/book9.jpg',  '胡八一与王胖子深入古墓探险，揭开一个个神秘诡异的地下世界。',         '9787501234569', '安徽文艺出版社', 3, 4500, 1, 1, 0, 132000, 2100, 1, 4.00, DATE_SUB(NOW(), INTERVAL 20 DAY), NOW()),
(10, '明朝那些事儿', '当年明月',   '/uploads/covers/book10.jpg', '以通俗幽默的笔法讲述明朝三百年兴衰历程的历史读物。',                 '9787501234570', '中国友谊出版公司', 3, 4800, 1, 1, 1, 198000, 3800, 2, 4.85, DATE_SUB(NOW(), INTERVAL 15 DAY), NOW());

-- -----------------------------------------------------------
-- 图书分类关联
-- -----------------------------------------------------------
INSERT INTO `book_category` (`book_id`, `category_id`) VALUES
(1, 1), (1, 4),
(2, 2),
(3, 3),
(4, 2), (4, 5),
(5, 1), (5, 4),
(6, 1), (6, 4),
(7, 1), (7, 5),
(8, 5),
(9, 3),
(10, 5);

-- -----------------------------------------------------------
-- 章节数据（每本书3章，共30章）
-- -----------------------------------------------------------

-- 斗破苍穹
INSERT INTO `chapter` (`id`, `book_id`, `chapter_no`, `chapter_title`, `content`, `word_count`, `is_free`, `publish_status`, `published_at`) VALUES
(1, 1, 1, '第一章 陨落的天才',
'乌坦城，萧家。\n\n夏日的阳光炽烈，照在这座边境小城上。广场中央，十四岁的少年萧炎静静站立，面前是测试斗之气的水晶球。\n\n"萧炎，斗之气：三段！级别：低级！"\n\n测验员的声音在广场上回荡，周围顿时响起一阵压抑不住的窃笑。曾经的天才，如今已连续三年原地踏步。\n\n萧炎缓缓抬起头，黑色眸子中闪过一丝苦涩。三年前，他还是家族中最耀眼的新星，如今却成了人人嘲笑的对象。\n\n"唉，又失败了。"人群外，一位紫衣少女轻轻叹息，眼中满是担忧。她是萧薰儿，从小与萧炎一起长大。\n\n萧炎握紧拳头，指甲嵌入掌心。他心中默念：三十年河东，三十年河西，莫欺少年穷！',
1500, 1, 1, DATE_SUB(NOW(), INTERVAL 60 DAY)),
(2, 1, 2, '第二章 斗之气',
'夜深人静，萧炎独自坐在后山悬崖边。\n\n月光如水，洒在他瘦削的身上。他从怀中取出一枚古朴的戒指，那是母亲临终前留给他的唯一遗物。\n\n"小子，别灰心嘛。"一个苍老而戏谑的声音忽然从戒指中传出。\n\n萧炎猛然一惊，四处张望却不见人影。最终他低头看向戒指，难以置信地问道："是你在说话？"\n\n"嘿嘿，老夫药尘，曾是大陆闻名的炼药宗师。今日见你骨骼清奇，便寄宿于此，助你一飞冲天。"\n\n萧炎眼中重燃希望。从这一刻起，他的命运齿轮开始转动。',
1500, 1, 1, DATE_SUB(NOW(), INTERVAL 59 DAY)),
(3, 1, 3, '第三章 炼药师',
'药尘的残魂寄宿在戒指中，开始向萧炎传授炼药之术。\n\n"炼药师，是斗气大陆最为尊贵的职业。能够炼制提升实力的丹药，即便是强者也要礼让三分。"药尘的声音充满自豪。\n\n萧炎盘膝而坐，按照药尘指点运转斗之气。经脉中传来阵阵刺痛，但他咬牙坚持。\n\n三天后，第一缕异火在萧炎掌心浮现，虽然微弱，却散发着惊人的温度。\n\n萧家众人并不知道，那个被嘲笑的"废物"，正在悄然蜕变。',
1500, 1, 1, DATE_SUB(NOW(), INTERVAL 58 DAY));

-- 全职高手
INSERT INTO `chapter` (`id`, `book_id`, `chapter_no`, `chapter_title`, `content`, `word_count`, `is_free`, `publish_status`, `published_at`) VALUES
(4, 2, 1, '第一章 被驱逐的高手',
'荣耀职业联赛第十赛季结束后，嘉世俱乐部宣布：队长叶修退役。\n\n消息如惊雷般震惊整个电竞圈。叶修，荣耀教科书，三连冠王朝的缔造者，竟然在巅峰期被俱乐部扫地出门。\n\n"合同到期，年龄太大，状态下滑。"俱乐部给出的理由冠冕堂皇。\n\n叶修笑了笑，将账号卡交还俱乐部，拎起行李离开住了十年的宿舍。他没有愤怒，只是有些感慨。\n\n"荣耀，不是一个人的游戏，但一定是一个人的坚持。"\n\n夜幕下，叶修走进了一家网吧，应聘网管职位。没人知道，这个普通的网管，即将掀起新的风暴。',
1400, 1, 1, DATE_SUB(NOW(), INTERVAL 55 DAY)),
(5, 2, 2, '第二章 君莫笑',
'网吧里，叶修用夜班空闲时间重新踏入荣耀世界。\n\n他创建了一个新角色——君莫笑，选择了尚未被开发的散人职业，手持千机伞，横扫副本记录。\n\n"这家伙是谁？操作太变态了！"\n\n各大公会纷纷注意到这个神秘高手。叶修却只是平静地刷着副本，积累资源，等待时机。\n\n老板陈果看着这个奇怪的网管，越看越觉得不对劲。这个家伙，真的是普通网管吗？',
1400, 1, 1, DATE_SUB(NOW(), INTERVAL 54 DAY)),
(6, 2, 3, '第三章 第十区',
'荣耀第十区开放，叶修带着君莫笑再次出发。\n\n新区意味着新的机会。各大公会精英蜂拥而入，试图在新服建立优势。\n\n然而叶修以碾压级的意识和操作，连续打破多个副本记录，引发全服轰动。\n\n"君莫笑到底是谁？"\n\n这个问题成了第十区最大的谜团。而叶修，已经在规划他的复出之路——不是回到嘉世，而是组建一支属于自己的战队。',
1400, 1, 1, DATE_SUB(NOW(), INTERVAL 53 DAY));

-- 三体
INSERT INTO `chapter` (`id`, `book_id`, `chapter_no`, `chapter_title`, `content`, `word_count`, `is_free`, `publish_status`, `published_at`) VALUES
(7, 3, 1, '第一章 科学边界',
'汪淼是一名纳米材料学家。最近，他发现自己拍摄的所有照片上都出现了神秘的倒计时。\n\n"整个宇宙将为你闪烁。"一个自称"科学边界"的组织这样告诉他。\n\n在丁仪的帮助下，汪淼用宇宙背景辐射观测证实了倒计时的真实性。那串数字，仿佛刻在宇宙深处，专为他一人而设。\n\n恐慌与好奇交织，汪淼决定深入调查这个组织的秘密。他不知道，自己即将触及人类历史上最震撼的真相。',
1600, 1, 1, DATE_SUB(NOW(), INTERVAL 50 DAY)),
(8, 3, 2, '第二章 台球',
'丁仪的公寓里，两台台球桌摆在一起。丁仪向汪淼提出了一个看似简单的问题：物理规律在宇宙各处是否一致？\n\n"如果基本常数在不同区域存在差异，那物理学的大厦就会崩塌。"\n\n汪淼陷入沉思。随后他参加了"科学边界"的聚会，见到了申玉菲等神秘人物。\n\n一个名为"三体"的虚拟现实游戏，开始出现在他的视野中。三颗太阳，脱水人，乱纪元——一切如此荒诞，又如此真实。',
1600, 1, 1, DATE_SUB(NOW(), INTERVAL 49 DAY)),
(9, 3, 3, '第三章 射手和农场主',
'在三体游戏中，汪淼经历了乱纪元和恒纪元的交替。三颗太阳的无规则运动，让三体文明在毁灭与重生中挣扎。\n\n"宇宙是一个射手，也是一个农场主。"游戏中的智者这样说道。\n\n汪淼猛然意识到，这个游戏并非娱乐，而是三体文明向地球发出的某种信号。\n\n与此同时，地球三体组织（ETO）的秘密活动逐渐浮出水面。人类，并不孤独，但也并不安全。',
1600, 1, 1, DATE_SUB(NOW(), INTERVAL 48 DAY));

-- 庆余年
INSERT INTO `chapter` (`id`, `book_id`, `chapter_no`, `chapter_title`, `content`, `word_count`, `is_free`, `publish_status`, `published_at`) VALUES
(10, 4, 1, '第一章 故事的开端',
'范闲睁开眼睛，发现自己变成了一个婴儿。\n\n他保留着前世的记忆，却不得不在这个架空的古代世界中重新成长。母亲叶轻眉的遗产、父亲范建的权势、神秘老师费介的教导，交织成他童年的底色。\n\n"我希望这世间少些不公。"这是范闲幼年时便埋在心底的念头。\n\n成年后的范闲奉命进京，表面是权贵子弟的归家，实则踏入了波谲云诡的朝堂棋局。',
1450, 1, 1, DATE_SUB(NOW(), INTERVAL 45 DAY)),
(11, 4, 2, '第二章 进京',
'马车缓缓驶入京都。范闲掀帘望去，繁华远超边境小城。\n\n范府门前，各方势力早已暗中关注这位"私生子"的归来。太子、二皇子、长公主——每一个人都在打量这枚棋子。\n\n范闲面带微笑，不卑不亢。他知道，在这座城里，微笑是最好的铠甲。\n\n"范闲，你来得正好。"范建看着这个儿子，目光复杂。有些秘密，是时候揭开了。',
1450, 1, 1, DATE_SUB(NOW(), INTERVAL 44 DAY)),
(12, 4, 3, '第三章 神庙',
'范闲在鉴查院翻阅母亲留下的信件，得知"神庙"的存在。\n\n叶轻眉，这个改变了世界的女子，她的死因与神庙密切相关。\n\n"你要活得像你自己。"信中只有简短几字，却让范闲红了眼眶。\n\n从这一刻起，范闲不再只是范府的公子，他要用自己的方式，追问真相、守护所爱。',
1450, 1, 1, DATE_SUB(NOW(), INTERVAL 43 DAY));

-- 诛仙
INSERT INTO `chapter` (`id`, `book_id`, `chapter_no`, `chapter_title`, `content`, `word_count`, `is_free`, `publish_status`, `published_at`) VALUES
(13, 5, 1, '第一章 青云门',
'草庙村少年张小凡，在一场屠村惨案中失去双亲，被青云门大竹峰首座田不易收为弟子。\n\n青云山巍峨入云，七峰并立，是天下正道魁首。张小凡资质平庸，修炼进展缓慢，却从不放弃。\n\n同门中，林惊羽天资卓绝，陆雪琪冷若冰霜。张小凡在自卑与坚持中慢慢成长。\n\n他不知道，手中那枚普通的烧火棍，将改变整个修真界的格局。',
1550, 1, 1, DATE_SUB(NOW(), INTERVAL 40 DAY)),
(14, 5, 2, '第二章 七脉会武',
'青云门七脉会武如期举行。各峰弟子齐聚一堂，展示多年修炼成果。\n\n张小凡凭借坚韧意志和意外领悟的法术，一路过关斩将，引起全场震惊。\n\n"那是烧火棍？不，那是噬魂！"观战长老纷纷色变。\n\n此棍与魔教至宝有关，张小凡的命运从此与正邪之争紧紧缠绕。',
1550, 1, 1, DATE_SUB(NOW(), INTERVAL 39 DAY)),
(15, 5, 3, '第三章 滴血洞',
'死灵渊下，张小凡与碧瑶坠入滴血洞。洞中机关重重，二人相依为命。\n\n"若能活着出去，我再也不和你吵架了。"碧瑶轻声说。\n\n张小凡心中一暖。正邪之分在这一刻变得模糊，只有生死与共的真情。\n\n在洞中，他们发现了合欢派遗留的秘法，也埋下了日后悲剧的种子。',
1550, 1, 1, DATE_SUB(NOW(), INTERVAL 38 DAY));

-- 凡人修仙传
INSERT INTO `chapter` (`id`, `book_id`, `chapter_no`, `chapter_title`, `content`, `word_count`, `is_free`, `publish_status`, `published_at`) VALUES
(16, 6, 1, '第一章 山边小村',
'韩立出生在一个偏僻的山村，家境贫寒。为减轻家庭负担，他参加了七玄门的入门考核。\n\n凭借过人的毅力和一点小聪明，韩立被墨大夫看中，成为药园杂役弟子。\n\n七玄门表面是江湖门派，实则暗流涌动。墨大夫对韩立别有用心，传授他长春功，却在暗中布局。\n\n韩立敏感地察觉到危险。这个少年，从一开始就学会了在险境中自保。',
1700, 1, 1, DATE_SUB(NOW(), INTERVAL 35 DAY)),
(17, 6, 2, '第二章 墨大夫',
'墨大夫的真实身份逐渐浮出水面。他修炼邪功，需要年轻肉身夺舍重生，韩立正是他选中的目标。\n\n"修仙之路，弱肉强食。"墨大夫冷笑。\n\n然而韩立早有准备。在夺舍的关键时刻，他反杀墨大夫，获得了对方的全部遗产，包括一枚神秘的绿色小瓶。\n\n小瓶能催熟灵药，这是韩立踏入修仙界最大的机缘。',
1700, 1, 1, DATE_SUB(NOW(), INTERVAL 34 DAY)),
(18, 6, 3, '第三章 黄枫谷',
'韩立告别七玄门，前往越国七大修仙门派之一的黄枫谷。\n\n修仙界等级森严，炼气、筑基、结丹、元婴——每一层都是天壤之别。\n\n韩立低调行事，谨慎做人。他用小瓶催熟的灵药换取资源，修为稳步提升。\n\n"做人要稳，修仙更要稳。"这是韩立在血色禁地中悟出的道理。',
1700, 1, 1, DATE_SUB(NOW(), INTERVAL 33 DAY));

-- 雪中悍刀行
INSERT INTO `chapter` (`id`, `book_id`, `chapter_no`, `chapter_title`, `content`, `word_count`, `is_free`, `publish_status`, `published_at`) VALUES
(19, 7, 1, '第一章 北凉世子',
'北凉王府，权倾天下。世子徐凤年表面纨绔荒唐，实则胸有丘壑。\n\n三年游历归来，他踏马入城，身后跟着老黄、姜泥、红薯等一众奇人。\n\n江湖与庙堂，北凉与朝廷，矛盾日益尖锐。徐凤年必须在权力棋局中为北凉寻一条生路。\n\n"我徐凤年要保护的，不只是这座王府，还有这天下百姓。"',
1650, 1, 1, DATE_SUB(NOW(), INTERVAL 30 DAY)),
(20, 7, 2, '第二章 湖底老魁',
'听潮亭下，湖底囚禁着一位老魁。徐凤年亲自下水，以胆魄和诚意将其释放。\n\n老魁武功通神，成为北凉最强战力之一。徐凤年由此在江湖中声名鹊起。\n\n与此同时，离阳王朝对北凉的猜忌日益加深。削藩之声，不绝于耳。\n\n徐凤年知道，真正的考验，才刚刚开始。',
1650, 1, 1, DATE_SUB(NOW(), INTERVAL 29 DAY)),
(21, 7, 3, '第三章 武帝城',
'武帝城头，天下武评第二的王仙芝坐镇于此。徐凤年持刀而上，一战天下惊。\n\n这一战，不仅是武力的较量，更是北凉态度的宣示：北凉不惹事，但也不怕事。\n\n战后，徐凤年继续游历江湖，广结善缘，为北凉积蓄力量。刀光剑影中，一个不一样的世子形象，深入人心。',
1650, 1, 1, DATE_SUB(NOW(), INTERVAL 28 DAY));

-- 琅琊榜
INSERT INTO `chapter` (`id`, `book_id`, `chapter_no`, `chapter_title`, `content`, `word_count`, `is_free`, `publish_status`, `published_at`) VALUES
(22, 8, 1, '第一章 麒麟才子',
'十二年前，赤焰军少帅林殊在梅岭惨死，七万赤焰军几乎全军覆没。\n\n十二年后，一个名为梅长苏的江湖盟主出现在金陵。他体弱多病，却智计无双，人称"麒麟才子，得之可得天下"。\n\n太子与誉王争夺皇位，皆想拉拢江左盟。梅长苏选择辅佐靖王，踏上了一条艰难的昭雪之路。',
1400, 1, 1, DATE_SUB(NOW(), INTERVAL 25 DAY)),
(23, 8, 2, '第二章 霓凰郡主',
'云南穆王府霓凰郡主招亲，各方势力纷纷派出高手参选。\n\n梅长苏暗中布局，帮助霓凰识破奸人阴谋，同时为靖王争取军方支持。\n\n"这天下，总要有人敢说真话。"梅长苏在深夜独坐，咳嗽声在空旷的房间里回荡。\n\n他的生命在燃烧，但信念从未动摇。',
1400, 1, 1, DATE_SUB(NOW(), INTERVAL 24 DAY)),
(24, 8, 3, '第三章 悬镜司',
'悬镜司暗中调查梅长苏，试图揭开这个神秘盟主的真实身份。\n\n夏江老谋深算，步步紧逼。梅长苏以病躯与之周旋，每一次交锋都惊心动魄。\n\n"林殊已经死了，我是梅长苏。"他对自己说。\n\n但有些债，必须用真相来偿还。赤焰军的冤屈，终将大白于天下。',
1400, 1, 1, DATE_SUB(NOW(), INTERVAL 23 DAY));

-- 鬼吹灯
INSERT INTO `chapter` (`id`, `book_id`, `chapter_no`, `chapter_title`, `content`, `word_count`, `is_free`, `publish_status`, `published_at`) VALUES
(25, 9, 1, '第一章 精绝古城',
'胡八一与王胖子在内蒙古草原收到一张神秘的地图，指向传说中的精绝古城。\n\n两人结伴前往新疆，在沙漠深处遭遇了沙暴、毒虫和神秘的诅咒。\n\n"人点烛，鬼吹灯。"这是盗墓者的规矩，也是生死的界限。\n\n古城遗址中，黑眼怪尸苏醒，一场生死逃亡在地下宫殿中展开。',
1500, 1, 1, DATE_SUB(NOW(), INTERVAL 20 DAY)),
(26, 9, 2, '第二章 龙岭迷窟',
'从精绝古城归来后，胡八一等人根据线索前往陕西龙岭。\n\n迷窟中蛛网密布，巨型蜘蛛令人胆寒。更可怕的是，这里埋藏着唐代大墓的惊天秘密。\n\nShirley杨的加入，为团队带来了专业知识。三人配合默契，在绝境中寻找生机。\n\n"摸金校尉，合则生，分则死。"胡八一再次念起祖训。',
1500, 1, 1, DATE_SUB(NOW(), INTERVAL 19 DAY)),
(27, 9, 3, '第三章 云南虫谷',
'献王墓的线索指向云南深山。虫谷中瘴气弥漫，各种奇虫异兽层出不穷。\n\n胡八一凭借祖传技艺，在重重险阻中破解机关。献王生前求长生，死后却将无数秘密带入地下。\n\n"这世上哪有什么长生，不过是一场大梦。"胡八一看着献王尸棺，感慨万千。',
1500, 1, 1, DATE_SUB(NOW(), INTERVAL 18 DAY));

-- 明朝那些事儿
INSERT INTO `chapter` (`id`, `book_id`, `chapter_no`, `chapter_title`, `content`, `word_count`, `is_free`, `publish_status`, `published_at`) VALUES
(28, 10, 1, '第一章 童年',
'朱元璋原名朱重八，出生在濠州一个贫苦农家。幼年时家破人亡，被迫入皇觉寺为僧。\n\n元末乱世，民不聊生。朱重八在绝望中参加红巾军，从此踏上戎马生涯。\n\n"淮右布衣，提三尺剑取天下。"这位未来的开国皇帝，此时只是一个想吃饱饭的穷小子。\n\n但历史的齿轮，已经悄然开始转动。',
1600, 1, 1, DATE_SUB(NOW(), INTERVAL 15 DAY)),
(29, 10, 2, '第二章 开局一个碗',
'从僧人到士兵，朱重八在军中表现出色，逐渐崭露头角。他娶了马秀英，遇到了一生的贤内助。\n\n郭子兴赏识他的才能，但也忌惮他的威望。朱重八在权力斗争中学会了隐忍与果断。\n\n"高筑墙，广积粮，缓称王。"这是朱升送给他的九字真言，也成为他夺取天下的战略纲领。',
1600, 1, 1, DATE_SUB(NOW(), INTERVAL 14 DAY)),
(30, 10, 3, '第三章 北伐',
'朱元璋挥师北伐，直指大都。元朝统治在农民起义的浪潮中土崩瓦解。\n\n1368年，朱元璋在应天称帝，国号大明，年号洪武。\n\n"驱逐胡虏，恢复中华。"这个曾经要饭的少年，完成了中国历史上最不可思议的逆袭。\n\n但打天下难，守天下更难。朱元璋的治国之路，才刚刚开始。',
1600, 1, 1, DATE_SUB(NOW(), INTERVAL 13 DAY));

-- -----------------------------------------------------------
-- 评论数据（含回复）
-- -----------------------------------------------------------
INSERT INTO `book_comment` (`id`, `user_id`, `book_id`, `parent_id`, `content`, `score`, `like_count`, `status`, `created_at`) VALUES
(1,  2, 1, NULL, '斗破苍穹开篇就很燃，萧炎的逆袭让人热血沸腾！', 5, 12, 1, DATE_SUB(NOW(), INTERVAL 10 DAY)),
(2,  3, 1, NULL, '药尘出场太有意思了，期待后续异火收集。',       4, 8,  1, DATE_SUB(NOW(), INTERVAL 9 DAY)),
(3,  2, 1, 2,    '同感！药老简直是全书最大金手指。',             NULL, 3, 1, DATE_SUB(NOW(), INTERVAL 8 DAY)),
(4,  2, 3, NULL, '三体真的太震撼了，黑暗森林法则细思极恐。',     5, 25, 1, DATE_SUB(NOW(), INTERVAL 7 DAY)),
(5,  3, 3, NULL, '科幻巅峰之作，强烈推荐！',                     5, 18, 1, DATE_SUB(NOW(), INTERVAL 6 DAY)),
(6,  2, 5, NULL, '诛仙的仙侠氛围写得很好，碧瑶太可惜了。',       4, 15, 1, DATE_SUB(NOW(), INTERVAL 5 DAY)),
(7,  3, 5, 6,    '碧瑶之死是全书的泪点，每次看都难过。',         NULL, 6, 1, DATE_SUB(NOW(), INTERVAL 4 DAY)),
(8,  2, 7, NULL, '雪中悍刀行江湖味十足，徐凤年人物塑造很棒。',   5, 20, 1, DATE_SUB(NOW(), INTERVAL 3 DAY)),
(9,  3, 10, NULL, '明朝那些事儿读起来一点都不枯燥，幽默又有深度。', 5, 22, 1, DATE_SUB(NOW(), INTERVAL 2 DAY)),
(10, 2, 10, 9,    '当年明月把历史写成了故事，太厉害了。',         NULL, 5, 1, DATE_SUB(NOW(), INTERVAL 1 DAY)),
(11, 3, 2, NULL, '全职高手看了好几遍，叶修是真正的电竞男神。',   5, 10, 1, DATE_SUB(NOW(), INTERVAL 5 DAY)),
(12, 2, 8, NULL, '琅琊榜权谋写得太精彩，梅长苏是我最爱的角色。', 5, 8,  1, DATE_SUB(NOW(), INTERVAL 4 DAY));

-- -----------------------------------------------------------
-- 书架数据
-- -----------------------------------------------------------
INSERT INTO `bookshelf` (`id`, `user_id`, `book_id`, `reading_status`, `last_read_at`, `created_at`) VALUES
(1, 2, 1,  1, DATE_SUB(NOW(), INTERVAL 1 DAY),  DATE_SUB(NOW(), INTERVAL 15 DAY)),
(2, 2, 3,  1, DATE_SUB(NOW(), INTERVAL 2 DAY),  DATE_SUB(NOW(), INTERVAL 12 DAY)),
(3, 2, 5,  2, DATE_SUB(NOW(), INTERVAL 5 DAY),  DATE_SUB(NOW(), INTERVAL 20 DAY)),
(4, 2, 10, 1, DATE_SUB(NOW(), INTERVAL 3 HOUR), DATE_SUB(NOW(), INTERVAL 8 DAY)),
(5, 3, 2,  1, DATE_SUB(NOW(), INTERVAL 1 DAY),   DATE_SUB(NOW(), INTERVAL 10 DAY)),
(6, 3, 7,  0, NULL,                             DATE_SUB(NOW(), INTERVAL 7 DAY)),
(7, 3, 3,  1, DATE_SUB(NOW(), INTERVAL 4 DAY),  DATE_SUB(NOW(), INTERVAL 14 DAY));

-- -----------------------------------------------------------
-- 阅读进度数据
-- -----------------------------------------------------------
INSERT INTO `reading_progress` (`id`, `user_id`, `book_id`, `chapter_id`, `chapter_offset`, `progress_percent`, `last_read_at`) VALUES
(1, 2, 1,  2,  0,    33.33, DATE_SUB(NOW(), INTERVAL 1 DAY)),
(2, 2, 3,  9,  500,  100.00, DATE_SUB(NOW(), INTERVAL 2 DAY)),
(3, 2, 5,  15, 1200, 100.00, DATE_SUB(NOW(), INTERVAL 5 DAY)),
(4, 2, 10, 29, 800,  66.67, DATE_SUB(NOW(), INTERVAL 3 HOUR)),
(5, 3, 2,  5,  0,    33.33, DATE_SUB(NOW(), INTERVAL 1 DAY)),
(6, 3, 3,  8,  300,  66.67, DATE_SUB(NOW(), INTERVAL 4 DAY));

-- -----------------------------------------------------------
-- 阅读历史数据
-- -----------------------------------------------------------
INSERT INTO `reading_history` (`id`, `user_id`, `book_id`, `chapter_id`, `duration_seconds`, `read_at`) VALUES
(1,  2, 1,  1,  1800, DATE_SUB(NOW(), INTERVAL 15 DAY)),
(2,  2, 1,  2,  1500, DATE_SUB(NOW(), INTERVAL 14 DAY)),
(3,  2, 1,  2,  900,  DATE_SUB(NOW(), INTERVAL 1 DAY)),
(4,  2, 3,  7,  2000, DATE_SUB(NOW(), INTERVAL 12 DAY)),
(5,  2, 3,  8,  1800, DATE_SUB(NOW(), INTERVAL 11 DAY)),
(6,  2, 3,  9,  2200, DATE_SUB(NOW(), INTERVAL 2 DAY)),
(7,  2, 5,  13, 1600, DATE_SUB(NOW(), INTERVAL 20 DAY)),
(8,  2, 5,  14, 1700, DATE_SUB(NOW(), INTERVAL 19 DAY)),
(9,  2, 5,  15, 1900, DATE_SUB(NOW(), INTERVAL 5 DAY)),
(10, 2, 10, 28, 2100, DATE_SUB(NOW(), INTERVAL 8 DAY)),
(11, 2, 10, 29, 1800, DATE_SUB(NOW(), INTERVAL 3 HOUR)),
(12, 3, 2,  4,  1400, DATE_SUB(NOW(), INTERVAL 10 DAY)),
(13, 3, 2,  5,  1200, DATE_SUB(NOW(), INTERVAL 1 DAY)),
(14, 3, 3,  7,  1900, DATE_SUB(NOW(), INTERVAL 14 DAY)),
(15, 3, 3,  8,  1600, DATE_SUB(NOW(), INTERVAL 4 DAY));
